Image,Crack,Efflorescence,Spalling,Undamaged,True Label
001_0fwtaowy.t1o.jpg,1,0,0,0,0
001_avlr5wdk.yoi.jpg,0,0,1,0,0
001_cdl1dg2t.4w0.jpg,1,0,0,0,0
001_kwmsqgk2.yfv.jpg,1,0,0,0,0
001_s5g23evx.mzu.jpg,1,0,0,0,0
002_ef5csbwj.r10.jpg,1,0,0,0,0
002_v3h0t5sm.lqi.jpg,0,1,0,0,0
005_j3jkrxyt.i2n.jpg,1,0,0,0,0
006_kdbh5mv1.2db.jpg,0,0,0,1,0
009_an1rjwgl.3uu.jpg,0,0,0,1,0
012_asfuvbod.oa3.jpg,1,0,0,0,0
012_b4d135xg.lwj.jpg,0,1,0,0,0
014_yzkaimlb.g0w.jpg,1,0,0,0,0
017_t11t3li5.4hl.jpg,1,0,0,0,0
017_w1hvfhw4.zkq.jpg,1,0,0,0,0
020_qktrfhtp.41z.jpg,1,0,0,0,0
025_oekleedw.k0u.jpg,1,0,0,0,0
048_12c1c1ht.aw5.jpg,1,0,0,0,0
068_5p0lfjeg.znj.jpg,1,0,0,0,0
078_il0dby2o.vls.jpg,1,0,0,0,0
113_2grzu0wr.eui.jpg,1,0,0,0,0
113_5qli1feo.1sg.jpg,1,0,0,0,0
113_oinxojp4.40l.jpg,1,0,0,0,0
113_ow1sj124.gur.jpg,1,0,0,0,0
169_dsnzqlzj.p53.jpg,1,0,0,0,0
189_2gjyn4p2.aix.jpg,1,0,0,0,0
189_w0raeiwe.h13.jpg,1,0,0,0,0
191_1nl0xa4a.5ea.jpg,1,0,0,0,0
191_yb3dpinx.gc3.jpg,1,0,0,0,0
AZ-1836-07072015-FLD-DC-VIC-005-255-1_tytyqeky.4lz.jpg,1,0,0,0,0
AZ-1836_1.JPG,1,0,0,0,0
AZ-1842-07132015-FLD-DC-VIC-005-193-1_w3r4cpzt.pdj.jpg,1,0,0,0,0
AZ-1842_4.JPG,1,0,0,0,0
AZ-1842_7.JPG,1,0,0,0,0
CA-560759L-6232016-FLD-DC-VIC-005-D50-001_yfktkan3.tvy.jpg,1,0,0,0,0
CA-560759L-6232016-FLD-DC-VIC-005-G01-001_2fe13vnz.xmk.jpg,1,0,0,0,0
CA-560759L-6232016-FLD-DC-VIC-005-G01-002_eos3nv0d.vmc.jpg,1,0,0,0,0
CA-560759L-6232016-FLD-DC-VIC-005-G04-002_r3ls31yt.occ.jpg,1,0,0,0,0
CA-560759L-6232016-FLD-DC-VIC-005-G04-002_v5ecph4f.npq.jpg,1,0,0,0,0
CA-560759L-6232016-FLD-DC-VIC-005-G06-002_yx0b54tq.frl.jpg,1,0,0,0,0
CA-560759L-6232016-FLD-DC-VIC-005-G07-001_1nmg4qui.5on.jpg,1,0,0,0,0
CA-560759L-6232016-FLD-DC-VIC-005-G15-001_4m53fwz0.tm1.jpg,1,0,0,0,0
CA-560759L-6232016-FLD-DC-VIC-005-G15-002_sw33zfve.lbh.jpg,1,0,0,0,0
CA-560759L-6232016-FLD-DC-VIC-005-G17-002_sbhjtbjn.dtj.jpg,1,0,0,0,0
CA-560759L-6232016-FLD-DC-VIC-005-G25-001_eqcxrfo4.35i.jpg,1,0,0,0,0
CA-560759L-6232016-FLD-DC-VIC-005-G25-002_ykm2tpde.mtv.jpg,1,0,0,0,0
CA-560759L-6232016-FLD-DC-VIC-005-G38-001_hq4jjryb.ejs.jpg,1,0,0,0,0
CA-560759L-6232016-FLD-DC-VIC-005-G41-001_e0nv43kk.jdw.jpg,1,0,0,0,0
CA-560759L-6232016-FLD-DC-VIC-005-G44-001_uhs1vilg.ge1.jpg,1,0,0,0,0
CA-560759L-6232016-FLD-DC-VIC-005-G44-002_fdoihtvo.ach.jpg,0,0,0,1,0
CA-560759L-6232016-FLD-DC-VIC-005-G44-003_vfg5iyz2.boc.jpg,1,0,0,0,0
CA-560759L-6232016-FLD-DC-VIC-005-G47-002_25xo3d4v.aa2.jpg,1,0,0,0,0
CA-560759L-6232016-FLD-DC-VIC-005-G54-001_q5e3uk2j.zi3.jpg,1,0,0,0,0
CA-560759L_10.JPG,1,0,0,0,0
CA-560759L_19.JPG,1,0,0,0,0
CA-560759L_24.JPG,1,0,0,0,0
CA-560759L_8.JPG,1,0,0,0,0
CA-560759R-6232016-FLD-DC-VIC-005-G07-002_4mkygf1d.aii.jpg,1,0,0,0,0
CA-560759R-6232016-FLD-DC-VIC-005-G08-001_tnlr442n.osn.jpg,1,0,0,0,0
CA-560759R-6232016-FLD-DC-VIC-005-G10-001_dijib5fi.nai.jpg,1,0,0,0,0
CA-560759R-6232016-FLD-DC-VIC-005-G12-001_lzq2tgm3.vfg.jpg,1,0,0,0,0
CA-560759R-6232016-FLD-DC-VIC-005-G17-001_djjrusdc.zne.jpg,1,0,0,0,0
CA-560759R-6232016-FLD-DC-VIC-005-G18-001_exvyl1zf.aiz.jpg,1,0,0,0,0
CA-560759R-6232016-FLD-DC-VIC-005-G19-001_dwxwzjsa.uiz.jpg,1,0,0,0,0
CA-560759R-6232016-FLD-DC-VIC-005-G19-001_vra5mp1i.1sf.jpg,1,0,0,0,0
CA-560759R-6232016-FLD-DC-VIC-005-G22-001_gkdlhpod.e5i.jpg,1,0,0,0,0
CA-560759R-6232016-FLD-DC-VIC-005-G24-001_rspftqza.h0w.jpg,1,0,0,0,0
CA-560759R-6232016-FLD-DC-VIC-005-G27-001_4djhxr4c.u1l.jpg,1,0,0,0,0
CA-560759R-6232016-FLD-DC-VIC-005-G27-001_t5mx0n52.ak1.jpg,1,0,0,0,0
CA-560759R-6232016-FLD-DC-VIC-005-G28-001_smscbprz.i4w.jpg,1,0,0,0,0
CA-560759R-6232016-FLD-DC-VIC-005-G29-001_pjkndgxb.uic.jpg,1,0,0,0,0
CA-560759R-6232016-FLD-DC-VIC-005-G33-002_fw2vofug.qjd.jpg,1,0,0,0,0
CA-560759R-6232016-FLD-DC-VIC-005-G33-002_qsm0zasm.thb.jpg,1,0,0,0,0
CA-560759R_11.JPG,1,0,0,0,0
CA-560759R_12.JPG,1,0,0,0,0
CA-560759R_16.JPG,1,0,0,0,0
CA-560759R_3.JPG,1,0,0,0,0
CA-560759R_6.JPG,1,0,0,0,0
CA-560759R_9.JPG,1,0,0,0,0
CA-560760L_1.JPG,1,0,0,0,0
CA-560760L_11.JPG,1,0,0,0,0
CA-560760L_9.JPG,1,0,0,0,0
CA-560760R_5.JPG,1,0,0,0,0
CA-560760R_8.JPG,1,0,0,0,0
Capture3.JPG,1,0,0,0,0
Capture5.JPG,1,0,0,0,0
DSCF2734_ax0uuwel.ust.jpg,1,0,0,0,0
DSCF4000_yfznyynt.hcd.jpg,1,0,0,0,0
DSCF4021_evsxqsv0.rld.jpg,1,0,0,0,0
FL-480052-FLD-DC-VI-011-016-2242_rw3lhqn4.pi2.jpg,1,0,0,0,0
FL-580075-FLD-DC-VI-011-096-DSCF2185_pgw4vhsk.4sz.jpg,1,0,0,0,0
IMG_0087_0iobukpt.szg.jpg,1,0,0,0,0
IMG_0089_xq42kd1r.rtg.jpg,1,0,0,0,0
IMG_0311_1v3vjrie.bkj.jpg,1,0,0,0,0
IMG_0675_a3fx2mdq.3sm.jpg,1,0,0,0,0
IMG_0677_lisnaosr.xu3.jpg,1,0,0,0,0
IMG_0953_nwmntfiw.pwh.jpg,1,0,0,0,0
IMG_1038_rml2vwme.5pw.jpg,0,0,0,1,0
IMG_1185_3ndzbykf.b3u.jpg,1,0,0,0,0
IMG_2933_elkhucbo.anj.jpg,1,0,0,0,0
IMG_2934_aneesmx1.x2r.jpg,1,0,0,0,0
IMG_3073_bwy1xz05.t34.jpg,1,0,0,0,0
IMG_3077_0dvdj3pp.2o5.jpg,1,0,0,0,0
IMG_3077_pqhl1a3y.ypv.jpg,1,0,0,0,0
IMG_3078_xqqsa51f.rbb.jpg,1,0,0,0,0
IMG_3079_n4ol3ujp.m3q.jpg,0,1,0,0,0
IMG_3136_3zrsmnoa.lv4.jpg,1,0,0,0,0
IMG_4801_tliyqpcp.p0p.jpg,1,0,0,0,0
LA-053704510613171-FLD-DC-VI-011-082-DSCF2678_rwwxlxa3.cet.jpg,1,0,0,0,0
LA-625200131104622-FLD-DC-VI-011-095-DSCF2041_ifelwjpq.q3o.jpg,1,0,0,0,0
LA-625200131104622-FLD-DC-VI-011-095-DSCF2041_sdpwjldo.0nn.jpg,1,0,0,0,0
LA-625200131104622-FLD-DC-VI-011-099-DSCF2041_ael4iwab.rns.jpg,1,0,0,0,0
LA-625200131104622-FLD-DC-VI-011-099-DSCF2041_sgnwox1j.rfd.jpg,1,0,0,0,0
MS-11000100240435B-FLD-DC-VI-011-103-DSCF2018_0kcjowny.drx.jpg,1,0,0,0,0
MS-310004306412140-FLD-DC-VI-011-42_itahwkok.3rx.jpg,1,0,0,0,0
NV-B1805-05032016-FLD-DC-VIC-005-B6-1_zha1fqmj.qkh.jpg,1,0,0,0,0
NV-B636_1.JPG,1,0,0,0,0
NV-B636_5.JPG,1,0,0,0,0
NV-H2703-05102016-FLD-DC-VI C-005-A12-1_o0uefvav.pxr.jpg,1,0,0,0,0
NV-H2703-05102016-FLD-DC-VI C-005-A12-1_srnpstnw.mpw.jpg,1,0,0,0,0
NV-H2703-05102016-FLD-DC-VI C-005-A22-1_ddoclavc.hcj.jpg,1,0,0,0,0
NV-I2699S-05092016-FLD-DC-VIC-005-BG9-1_z0kjbnfa.zjq.jpg,1,0,0,0,0
O-11611_10.JPG,1,0,0,0,0
OR-07562A-08222016-FLD-DC-VIC-004-WW24-1_l4j2bnio.mub.jpg,1,0,0,0,0
OR-07562A-08222016-FLD-DC-VIC-005-AB5-1_kpusiaex.apx.jpg,1,0,0,0,0
OR-07562A-08222016-FLD-DC-VIC-005-GA14-1_ydmfmh15.jia.jpg,1,0,0,0,0
OR-07562A_25.JPG,1,0,0,0,0
OR-11611-08252016-FLD-DC-VIC-005-RB3-1_jegu1di3.ihs.jpg,1,0,0,0,0
OR-18277-08142016-FLD-DC-VIC-004-WW24-1_1vrglgwq.ix5.jpg,1,0,0,0,0
OR-18277-08142016-FLD-DC-VIC-004-WW24-1_j0imxpt1.suv.jpg,1,0,0,0,0
OR-18277-08142016-FLD-DC-VIC-005-CW32-1_rwfmeoyd.1hk.jpg,1,0,0,0,0
OR-18277-08142016-FLD-DC-VIC-005-CW32-1_w4xhdlsz.2m0.jpg,1,0,0,0,0
OR-18277-08142016-FLD-DC-VIC-005-WW22-1_zkvzvuy3.pwd.jpg,1,0,0,0,0
OR-18277_4.JPG,1,0,0,0,0
OR-20034-8202016-FLD-DC-VIC-003-RB2-001_bxs4xpdw.gcx.jpg,1,0,0,0,0
OR-20034-8202016-FLD-DC-VIC-005-Dia2AB1-1-001_fyzhjlbz.evv.jpg,1,0,0,0,0
RIMG0001_pqfc23r2.jt3.jpg,1,0,0,0,0
RIMG0011_cnojvbvs.art.jpg,1,0,0,0,0
RIMG0011_uwfycsch.ueb.jpg,1,0,0,0,0
RIMG0049_msg2ycft.0mj.jpg,1,0,0,0,0
RIMG0049_t3gbcfjn.cxr.jpg,1,0,0,0,0
RIMG0050_pzzl3qke.tkc.jpg,1,0,0,0,0
RIMG0463_xnaj3kya.32l.jpg,1,0,0,0,0
RIMG0632_13oex4p5.5wv.jpg,1,0,0,0,0
RIMG0643_z1pdthvl.1b0.jpg,1,0,0,0,0
RIMG1442_vyj5lkca.4ai.jpg,1,0,0,0,0
RIMG1508_bwrkcnbd.vh1.jpg,1,0,0,0,0
RIMG1631_ztyn2qil.5kr.jpg,1,0,0,0,0
RIMG1634_duqd0anl.0hs.jpg,1,0,0,0,0
RIMG1634_y14na0jn.2d1.jpg,1,0,0,0,0
RIMG1642_0hzkdtjv.53y.jpg,0,0,1,0,0
RIMG1700_0pskpz3p.hbw.jpg,1,0,0,0,0
RIMG1708_qlibamcp.ulf.jpg,0,0,1,0,0
RIMG1846_s2kjeokw.jdr.jpg,1,0,0,0,0
RIMG1957_dxvuqsmp.mhs.jpg,1,0,0,0,0
RIMG2125_g3itg0sd.zh0.jpg,1,0,0,0,0
RIMG2143_l1muuacl.w34.jpg,1,0,0,0,0
RIMG2218_3ydvkqy2.ofl.jpg,1,0,0,0,0
RIMG2309_rdleamrs.1q0.jpg,1,0,0,0,0
RIMG2365_ey2m5njm.tqq.jpg,1,0,0,0,0
RIMG2393_bi5435yc.biu.jpg,1,0,0,0,0
RIMG2409_1f4i3a41.nts.jpg,1,0,0,0,0
RIMG2423_ziovq223.pui.jpg,1,0,0,0,0
RIMG2424_akkfn1ti.1pz.jpg,1,0,0,0,0
RIMG2425_44a1fdlt.pgf.jpg,1,0,0,0,0
RIMG2429_lt2h3rvv.wdt.jpg,1,0,0,0,0
RIMG2429_wng3pqgl.uic.jpg,1,0,0,0,0
RIMG2433_vy0521s0.535.jpg,1,0,0,0,0
RIMG2458_nemi5s0c.vwa.jpg,1,0,0,0,0
RIMG2458_t2s5iubw.wbx.jpg,1,0,0,0,0
RIMG2463_evktepnc.pwh.jpg,1,0,0,0,0
RIMG2873_obugkwnz.j5s.jpg,1,0,0,0,0
RIMG2874_5gkymimu.nyx.jpg,1,0,0,0,0
RIMG3366_3kcrsgxx.zo5.jpg,1,0,0,0,0
RIMG3480_3yo0vbam.mfi.jpg,1,0,0,0,0
RIMG3636_wi0wclno.pwn.jpg,1,0,0,0,0
RIMG3654_4cq0twrs.ytr.jpg,1,0,0,0,0
RIMG3657_35pojp35.oen.jpg,1,0,0,0,0
RIMG3657_euda4tpc.5y1.jpg,1,0,0,0,0
RIMG3689_ph3q0ps5.zol.jpg,1,0,0,0,0
RIMG3969_b1rsbbqz.2rn.jpg,1,0,0,0,0
RIMG4071_i2ugbwl4.yih.jpg,1,0,0,0,0
RIMG4072_t4ydq0j5.fcw.jpg,1,0,0,0,0
RIMG4239_cb0zgfdd.5fx.jpg,1,0,0,0,0
RIMG4944_b0xcuiyh.sww.jpg,1,0,0,0,0
RIMG5131_qr2o1ksy.x03.jpg,1,0,0,0,0
RIMG5134_xuqj0zob.nxt.jpg,1,0,0,0,0
RIMG5143_p5jn3cg3.zeo.jpg,0,1,0,0,0
RIMG5686_cwoqi0pc.sza.jpg,1,0,0,0,0
RIMG7196_3foo41kw.30p.jpg,1,0,0,0,0
RIMG7271_j2n3ribg.m51.jpg,1,0,0,0,0
RIMG7475_wta0aji1.ngl.jpg,1,0,0,0,0
RIMG9457_qkvoure4.s4i.jpg,1,0,0,0,0
RIMG9792_i2yb43sv.jvp.jpg,1,0,0,0,0
RIMG9961_sxu1yocu.slc.jpg,1,0,0,0,0
RIMG9974_2ehs51du.f4y.jpg,1,0,0,0,0
WA-11631B-09072016-FLD-DC-VIC-004-AZ1-1_32catabo.v0g.jpg,1,0,0,0,0
WA-11631B-09072016-FLD-DC-VIC-004-BLNote1-1_tsolw2oa.mod.jpg,1,0,0,0,0
WA-11631B_13.JPG,1,0,0,0,0
WA-11631B_14.JPG,0,0,1,0,0
WA-9217C_4.JPG,1,0,0,0,0
WA-9810B-09122016-FLD-DC-VIC-005-AB3-1_ccuh1ei0.aje.jpg,1,0,0,0,0
WA-9810B-09122016-FLD-DC-VIC-005-AB5-1_hobzzjq3.n2w.jpg,1,0,0,0,0
WA-9810B_12.JPG,1,0,0,0,0
WP_20140327_004_22mc3nzh.djs.jpg,1,0,0,0,0
WP_20140327_010_4u4amizz.nmf.jpg,1,0,0,0,0
WP_20140428_017_bae5urjs.jjs.jpg,1,0,0,0,0
WP_20140428_017_l24x1qmz.vmh.jpg,1,0,0,0,0
WP_20140428_018_lfe031yw.2hy.jpg,0,1,0,0,0
WP_20140428_022_ba5ytfxr.w2l.jpg,1,0,0,0,0
WP_20140603_066_w5kxg4k1.la0.jpg,1,0,0,0,0
WP_20140603_066_xubrztk1.bc5.jpg,1,0,0,0,0
WP_20140820_066_ibaewvnj.4mi.jpg,0,1,0,0,0
crack1.jpg,1,0,0,0,0
crack10.jpg,1,0,0,0,0
crack11.jpg,1,0,0,0,0
crack3.jpg,1,0,0,0,0
crack40.jpg,1,0,0,0,0
crack41.jpg,1,0,0,0,0
crack43.jpg,1,0,0,0,0
crack45.jpg,1,0,0,0,0
crack47.jpg,1,0,0,0,0
crack5.jpg,1,0,0,0,0
crack50.jpg,1,0,0,0,0
crack55.jpg,1,0,0,0,0
crack56.jpg,1,0,0,0,0
crack63.jpg,1,0,0,0,0
crack64.jpg,1,0,0,0,0
crack77.jpg,1,0,0,0,0
crack78.jpg,1,0,0,0,0
crack86.jpg,1,0,0,0,0
crack89.jpg,1,0,0,0,0
crack91.jpg,1,0,0,0,0
crack92.jpg,1,0,0,0,0
crack97.jpg,1,0,0,0,0
crack98.jpg,1,0,0,0,0
crack99.jpg,1,0,0,0,0
001_ozy10gqk.ovm.jpg,0,1,0,0,1
001_wfgr4wt0.ge1.jpg,0,1,0,0,1
002_0zscwu3n.2rs.jpg,0,1,0,0,1
002_lqbbu0hz.3p4.jpg,0,1,0,0,1
002_xcsr43hw.tpv.jpg,0,1,0,0,1
005_bxmd3fce.rq5.jpg,0,1,0,0,1
006_lhyh41my.wku.jpg,0,1,0,0,1
006_savajck2.apg.jpg,0,1,0,0,1
006_x2kjxhkt.3aq.jpg,0,1,0,0,1
006_ydwdcyyj.pbh.jpg,1,0,0,0,1
007_drdnswnb.xeb.jpg,0,1,0,0,1
007_lqjrbrk4.k1b.jpg,0,1,0,0,1
007_on31cjcw.5ka.jpg,1,0,0,0,1
007_pog2kfh0.fou.jpg,0,1,0,0,1
008_tq3zbouc.h13.jpg,0,1,0,0,1
010_2vviqcwj.3do.jpg,0,1,0,0,1
010_4m0djajs.e5z.jpg,0,1,0,0,1
010_nqgonuzg.fr3.jpg,0,1,0,0,1
010_ood4pz1r.0rd.jpg,0,1,0,0,1
011_5e4fw10n.uc0.jpg,0,1,0,0,1
011_qs0ekouc.qbp.jpg,1,0,0,0,1
011_ydg4ac3d.2rd.jpg,0,1,0,0,1
012_2gqypzvz.rkh.jpg,0,1,0,0,1
012_ghcvcltr.l2e.jpg,0,1,0,0,1
012_gnmw02bi.01e.jpg,0,1,0,0,1
012_ku1atxyg.fbt.jpg,0,1,0,0,1
015_xhr0yzqy.gvw.jpg,0,1,0,0,1
016_oproq4gq.dke.jpg,0,1,0,0,1
017_14dicos4.40y.jpg,0,1,0,0,1
017_udexf5xa.dky.jpg,0,1,0,0,1
018_4zaktceu.mtl.jpg,0,1,0,0,1
018_f2j4ctaq.e5y.jpg,0,1,0,0,1
019_x501xg4o.ql0.jpg,0,1,0,0,1
030_j4i5qy5j.5b1.jpg,0,1,0,0,1
037_ajkz3wn0.2j4.jpg,0,1,0,0,1
065_cnk5sxjh.ayz.jpg,1,0,0,0,1
067_teaiqwvz.5nj.jpg,0,1,0,0,1
106_0byxbiyh.jqw.jpg,1,0,0,0,1
106_4zepzkut.mhz.jpg,0,1,0,0,1
AZ-1841-07132015-FLD-DC-VIC-005-105-1_by2unbew.rfv.jpg,1,0,0,0,1
AZ-1841-07132015-FLD-DC-VIC-005-139-1_5yskx5c1.rhy.jpg,0,1,0,0,1
Capture7.JPG,0,1,0,0,1
DSCN0355_gqqpnaze.fe0.jpg,0,1,0,0,1
DSCN0357_lvelm4hu.ft2.jpg,0,1,0,0,1
IMG_0087_xsyppvvk.33r.jpg,0,1,0,0,1
IMG_0089_hmm5slfd.ylw.jpg,0,1,0,0,1
IMG_0358_lypc34kg.1ne.jpg,0,1,0,0,1
IMG_2002_sarnzala.0di.jpg,0,1,0,0,1
IMG_2003_hfuypflv.euz.jpg,0,1,0,0,1
IMG_2005_xellyhqe.h1y.jpg,0,1,0,0,1
O-11611_4.JPG,0,1,0,0,1
OR-07562A-08222016-FLD-DC-VIC-003-AA2-1_twivqdcs.gvc.jpg,0,1,0,0,1
OR-07562A-08222016-FLD-DC-VIC-005-AB6-1_a54tcc5w.451.jpg,0,1,0,0,1
OR-07562A-08222016-FLD-DC-VIC-005-GB13-1_q4l4efny.hdl.jpg,0,0,0,1,1
OR-07562A_2.JPG,0,1,0,0,1
OR-07562A_3.JPG,1,0,0,0,1
OR-18049-08172016-FLD-DC-VIC-005-UD1-1_lazqiljt.r3g.jpg,0,1,0,0,1
OR-18178-08162016-FLD-DC-VIC-005-CW1-1_rxwdxdmj.35w.jpg,0,1,0,0,1
OR-18178-08162016-FLD-DC-VIC-005-GD17-1_kbwirwwd.axa.jpg,0,1,0,0,1
OR-18178_8.JPG,0,1,0,0,1
OR-18277-08142016-FLD-DC-VIC-005-NG3-1_opoyvtet.pam.jpg,1,0,0,0,1
RIMG0897_g3clj1ip.rfy.jpg,0,1,0,0,1
RIMG0968_k5fz1hbx.xdp.jpg,0,1,0,0,1
RIMG1403_xxlncizv.4ij.jpg,0,1,0,0,1
RIMG1572_aq2mwxar.re1.jpg,0,1,0,0,1
RIMG1610_u40zowoq.xdi.jpg,0,1,0,0,1
RIMG2015_u3rlwim5.tct.jpg,0,1,0,0,1
RIMG2019_hg3mgtnv.4pm.jpg,0,1,0,0,1
RIMG2123_ulcax01q.txv.jpg,0,1,0,0,1
RIMG3007_ntdc53tf.hhe.jpg,0,0,0,1,1
RIMG3038_2545vv2i.vpz.jpg,0,1,0,0,1
RIMG3038_mgyx0s3h.nsl.jpg,0,1,0,0,1
RIMG5214_w2nzg4io.13l.jpg,0,1,0,0,1
RIMG5215_jgafn3ih.f2g.jpg,0,1,0,0,1
RIMG7479_4rkuzksn.byk.jpg,0,1,0,0,1
RIMG8727_qwz2ybnp.5me.jpg,0,1,0,0,1
RIMG9258_m0jorkxa.nqc.jpg,0,1,0,0,1
RIMG9287_a30ojrya.jum.jpg,0,0,1,0,1
WA-09222016-13198A-FLD-DC-VIC-005-D1A1AB-1-1_w3mctgfy.rey.jpg,0,1,0,0,1
WA-09222016-13198A-FLD-DC-VIC-005-UD5-1_0c01sxrc.g2v.jpg,0,1,0,0,1
WA-11631B-09072016-FLD-DC-VIC-005-GB1-1_q14muzaw.zn1.jpg,0,1,0,0,1
WA-16008E-08292016-FLD-DC-VIC-004-DE2-1_2yibkwng.ko0.jpg,0,1,0,0,1
WA-9217C-091516-FLD-DC-VIC-005-AA3-1_xeiw2s0v.u31.jpg,0,1,0,0,1
WA-9217C_1.JPG,0,1,0,0,1
WA-9217C_3.JPG,0,1,0,0,1
WA-9217C_6.JPG,0,1,0,0,1
WA-9217C_7.JPG,0,1,0,0,1
WA-9217C_9.JPG,0,1,0,0,1
WA-9810B-09122016-FLD-DC-VIC-006-PC26-1_1wl5ehkx.yo1.jpg,0,1,0,0,1
WP_20140820_108_pyy04jb2.xw1.jpg,0,1,0,0,1
WP_20140820_160_nuk5rnyx.bmi.jpg,1,0,0,0,1
WP_20140820_189_kytoo20z.xmu.jpg,0,1,0,0,1
WP_20140820_189_myunmme0.yq5.jpg,0,1,0,0,1
001_w1nojjln.bdv.jpg,0,1,0,0,2
003_glbjresp.01k.jpg,0,0,1,0,2
005_txq3nygx.w0v.jpg,0,0,1,0,2
006_qmgnp53n.zni.jpg,0,0,1,0,2
008_dbmvtunk.fa2.jpg,0,0,1,0,2
008_vhyeijun.00r.jpg,1,0,0,0,2
010_vwqn4dgv.app.jpg,0,0,1,0,2
012_pthtpdnm.wpt.jpg,0,0,1,0,2
013_br4ph4q3.wwq.jpg,0,0,1,0,2
014_13kqwzjk.vri.jpg,0,0,1,0,2
014_3geprnak.lup.jpg,0,0,1,0,2
014_pmg5sooo.tpb.jpg,0,0,1,0,2
014_zgqsrphv.4vo.jpg,1,0,0,0,2
015_kpfikaqf.oqj.jpg,0,0,1,0,2
016_esppodrq.24k.jpg,0,0,1,0,2
016_sn50cklu.gtc.jpg,0,0,1,0,2
023_yyiedc0c.kvv.jpg,0,0,1,0,2
024_puvpwvpc.tp2.jpg,0,0,1,0,2
025_ub4gwirx.vci.jpg,0,0,1,0,2
029_0guhhrm5.yjj.jpg,0,1,0,0,2
030_co4vizpc.3nb.jpg,0,0,1,0,2
030_ydhxs45e.y1t.jpg,0,0,1,0,2
035_oavsimtg.3sy.jpg,1,0,0,0,2
045_g4j4qq4d.dnt.jpg,0,0,1,0,2
AL-014011         -FLD-DC-VI-011-015-DSCF2074_vh1btgu2.xmm.jpg,0,0,1,0,2
AL-014011         -FLD-DC-VI-011-021-DSCF2078_m2roufot.ts1.jpg,0,0,1,0,2
CA-560759R_1.JPG,1,0,0,0,2
CA-560759R_21.JPG,0,0,1,0,2
CA-560760L-6202016-FLD-DC-VIC-004-G05-001_a43yyjkk.k4y.jpg,1,0,0,0,2
Capture.JPG,0,0,1,0,2
DSCF3858_g1jfqner.jwp.jpg,0,0,1,0,2
DSCF3892_tljr0eq1.hwr.jpg,0,0,1,0,2
FL-480052-FLD-DC-VI-011-039-2236_kqxdmmwf.xzx.jpg,1,0,0,0,2
IMG_0305_tdgowg2b.pgq.jpg,0,0,1,0,2
IMG_0310_ywa3cb3d.40t.jpg,1,0,0,0,2
IMG_1981_cfvxnavy.a4b.jpg,0,0,1,0,2
IMG_2019_phycbbmj.mqf.jpg,0,0,1,0,2
IMG_2049_xvowjymr.c3u.jpg,0,0,1,0,2
IMG_2283_gccpq1jg.yyq.jpg,0,0,1,0,2
IMG_2286_fjbvbino.xqf.jpg,0,0,1,0,2
MS-11000100240460B-FLD-DC-VI-011-136-DSCF2029_k104v2no.rv4.jpg,0,0,1,0,2
MS-11000100240460B-FLD-DC-VI-011-137-DSCF2032_3jtqn5qy.14c.jpg,0,0,1,0,2
MS-11002200250005A-FLD-DC-VI-011-126-DSCF2071_0obf2n5p.sed.jpg,0,0,1,0,2
NV-B1805-05032016-FLD-DC-VIC-004-B2-1_0t540xyu.gkk.jpg,0,0,1,0,2
NV-B1805-05032016-FLD-DC-VIC-004-B5-1_yyhnbdjs.wmg.jpg,0,0,1,0,2
O-11611_2.JPG,0,0,1,0,2
OR-07562A-08222016-FLD-DC-VIC-004-AA4-1_104oll4x.bc5.jpg,0,0,1,0,2
OR-07562A-08222016-FLD-DC-VIC-004-D7CD1-1_tuewj3kb.d3u.jpg,0,0,1,0,2
OR-07562A-08222016-FLD-DC-VIC-004-GB11-1_hjr1v1bj.3lu.jpg,0,0,1,0,2
OR-07562A-08222016-FLD-DC-VIC-004-GC23-1_ibp4ksai.2hp.jpg,0,0,1,0,2
OR-07562A-08222016-FLD-DC-VIC-004-GC24-1_h0yulp4h.kf5.jpg,0,0,1,0,2
OR-07562A-08222016-FLD-DC-VIC-004-WW22-1_u5jbdwdd.iqf.jpg,0,0,1,0,2
OR-07562A-08222016-FLD-DC-VIC-004-WW31-1_2ct23hiz.jhu.jpg,0,0,1,0,2
OR-07562A_10.JPG,0,0,1,0,2
OR-07562A_13.JPG,0,0,1,0,2
OR-07562A_14.JPG,0,0,1,0,2
OR-07562A_17.JPG,0,0,1,0,2
OR-07562A_18.JPG,0,0,1,0,2
OR-07562A_23.JPG,0,0,1,0,2
OR-07562A_27.JPG,0,0,1,0,2
OR-07562A_5.JPG,0,0,1,0,2
OR-07562A_6.JPG,0,0,1,0,2
OR-18049-08172016-FLD-DC-VIC-004-GD1-1_bfihvebp.4kd.jpg,0,0,1,0,2
OR-18049-08172016-FLD-DC-VIC-004-GD2-1_x3j0gwhl.adv.jpg,0,0,1,0,2
OR-20034-8202016-FLD-DC-VIC-004-Dia1DE1-1-001_2wzf4rzv.sja.jpg,1,0,0,0,2
RIMG0276_5bjcxwuu.dhf.jpg,0,0,1,0,2
RIMG0279_nt4wchnp.vfj.jpg,0,0,1,0,2
RIMG0901_rzcmikkz.byx.jpg,0,0,1,0,2
RIMG0925_h5kr4xgi.m4a.jpg,1,0,0,0,2
RIMG1326_3hhqqp10.av0.jpg,0,0,1,0,2
RIMG1432_nqshdnbx.jje.jpg,0,0,1,0,2
RIMG1444_jfnuldvi.myz.jpg,0,0,1,0,2
RIMG1507_owpfky1n.ezq.jpg,0,0,1,0,2
RIMG1550_hcqzqlzc.ij0.jpg,0,0,0,1,2
RIMG1687_dplwlp3r.4gb.jpg,0,0,0,1,2
RIMG1915_kciif0bf.3vs.jpg,0,0,1,0,2
RIMG2022_21hpaivp.jay.jpg,0,0,1,0,2
RIMG2022_cfzbazgf.g4t.jpg,0,0,1,0,2
RIMG2051_jwjtqwbc.fdf.jpg,0,0,0,1,2
RIMG2127_iwinddkd.m1o.jpg,0,0,1,0,2
RIMG2150_kjntauek.ndc.jpg,0,0,1,0,2
RIMG2153_3yos5nv1.lqd.jpg,0,0,1,0,2
RIMG2182_p31radeu.luj.jpg,0,0,1,0,2
RIMG2184_54ndffma.oug.jpg,0,0,1,0,2
RIMG2399_lg52i1dh.ljr.jpg,0,0,1,0,2
RIMG2399_twep1tap.y12.jpg,0,0,1,0,2
RIMG2441_eabkg5f0.tuj.jpg,0,0,1,0,2
RIMG2441_unbnzahs.xqr.jpg,0,0,1,0,2
RIMG2443_tjbl0b3r.m0t.jpg,0,0,1,0,2
RIMG3436_2m5xnyie.vgm.jpg,0,0,1,0,2
RIMG3818_ypfeczm1.24l.jpg,0,0,1,0,2
RIMG3904_uwljlctu.glc.jpg,0,0,1,0,2
RIMG3924_ufobbsqn.03e.jpg,0,0,1,0,2
RIMG3972_cldjftce.gzk.jpg,0,0,1,0,2
RIMG4084_p33mbxqt.c0r.jpg,0,0,1,0,2
RIMG4086_nunfcjac.hle.jpg,0,0,1,0,2
RIMG5027_edz4b2qx.vdh.jpg,0,0,1,0,2
RIMG5027_iy1b3ah0.zq5.jpg,0,0,1,0,2
RIMG5028_jcjxujge.wlq.jpg,0,0,1,0,2
RIMG5028_lhdxdzxh.u33.jpg,0,0,1,0,2
RIMG5038_scprn3yb.brv.jpg,0,0,1,0,2
RIMG5088_taogjgv3.puo.jpg,0,0,1,0,2
RIMG5209_2xn2gzj4.xkl.jpg,0,0,1,0,2
RIMG5324_omlkehw4.snz.jpg,0,0,1,0,2
RIMG5405_5qvegku4.qi3.jpg,0,0,1,0,2
RIMG5718_f51rqycq.yin.jpg,0,0,1,0,2
RIMG5720_er1ruv53.bwt.jpg,0,0,1,0,2
TX-201810002811260-FLD-DC-VI-011-078-DSCF2814_g2ubjbk5.5hp.jpg,0,0,1,0,2
TX-201810002811260-FLD-DC-VI-011-078-DSCF2814_oflomshr.14c.jpg,0,1,0,0,2
WA-11631B-09072016-FLD-DC-VIC-004-GD1-1_310uaaxc.d1t.jpg,0,0,1,0,2
WA-11631B_10.JPG,0,0,1,0,2
WA-11631B_8.JPG,0,0,1,0,2
WA-14917A-9222016-FLD-DC-VIC-003-D-24-002_5umlgvpx.d4n.jpg,0,0,1,0,2
WA-14917A-9222016-FLD-DC-VIC-003-D-24-002_koyxbfxr.nos.jpg,0,0,1,0,2
WA-9217C-091516-FLD-DC-VIC-004-AA1-1_5jpffesy.si3.jpg,0,0,1,0,2
WA-9217C-091516-FLD-DC-VIC-004-AA2-1_sq1ejsji.0g3.jpg,0,0,1,0,2
WA-9217C-091516-FLD-DC-VIC-004-WW22-1_yi0g5g3s.r14.jpg,0,0,1,0,2
WA-9217C_6.JPG,0,0,1,0,2
WA-9217C_7.JPG,0,0,1,0,2
WA-9810B-09122016-FLD-DC-VIC-004-1D1EF1-1_tz5p2q0n.4rc.jpg,0,0,1,0,2
WA-9810B-09122016-FLD-DC-VIC-004-1DF1-1_rnjbt1tu.jmu.jpg,0,0,1,0,2
WA-9810B-09122016-FLD-DC-VIC-004-PC21-2_faxf5s14.wik.jpg,0,0,1,0,2
WA-9810B_2.JPG,0,0,1,0,2
WA-9810B_8.JPG,0,0,1,0,2
WA-9810B_9.JPG,1,0,0,0,2
WP_20140327_010_o2urfv2d.wwy.jpg,0,0,1,0,2
WP_20140603_039_wr3sdsjl.rrw.jpg,0,0,0,1,2
crack20.jpg,1,0,0,0,2
IMG_0086_fjka1ncs.k03.jpg,0,0,0,1,3
IMG_0086_wddlyuxb.ww0.jpg,0,0,0,1,3
IMG_0087_foak2jds.wzh.jpg,0,0,0,1,3
IMG_0087_lyg1lhmr.zq1.jpg,0,0,0,1,3
IMG_0087_odvkfeqd.hpf.jpg,0,0,0,1,3
IMG_0088_v1ouvr3h.zwh.jpg,0,0,0,1,3
IMG_0096_s4porpmy.equ.jpg,0,0,0,1,3
IMG_0096_wbi31j30.cbu.jpg,0,0,0,1,3
IMG_0096_xjqtyd0s.q4a.jpg,0,0,0,1,3
IMG_0098_dpodgril.wwb.jpg,0,0,0,1,3
IMG_0100_4leaazxd.wa4.jpg,0,1,0,0,3
RIMG0743_31pc5jpx.4ap.jpg,0,0,0,1,3
RIMG0743_hdvb15c2.2eu.jpg,0,0,0,1,3
RIMG0743_zjvd4hrf.nwm.jpg,0,0,0,1,3
RIMG0745_0ug1wbi2.dcj.jpg,1,0,0,0,3
RIMG0745_rkpgflht.alj.jpg,0,0,0,1,3
RIMG0745_srnb3n5i.uru.jpg,1,0,0,0,3
RIMG0766_4h5lr403.kaf.jpg,1,0,0,0,3
RIMG0783_o0ml0grz.lde.jpg,0,0,0,1,3
RIMG0784_kgkcrijh.2b5.jpg,0,0,0,1,3
RIMG0784_lt344gdq.cyt.jpg,0,0,0,1,3
RIMG0785_1sfuuk23.fsz.jpg,1,0,0,0,3
RIMG0785_oqfglxxh.gmu.jpg,0,0,0,1,3
RIMG0786_tyqnc5e2.vzu.jpg,0,0,0,1,3
RIMG0786_wnpt2cwk.3f2.jpg,0,0,0,1,3
RIMG0787_dlv5hpis.scu.jpg,0,0,0,1,3
RIMG0787_ucmmo0xn.1h2.jpg,0,0,0,1,3
RIMG0787_vszebgl3.b20.jpg,0,0,0,1,3
RIMG0787_z0aazcot.d1b.jpg,0,0,0,1,3
RIMG0789_ppd2gvbw.dbz.jpg,0,0,0,1,3
RIMG0790_4cvcjf34.e10.jpg,0,0,0,1,3
RIMG0793_0urqt4hv.amo.jpg,0,0,0,1,3
RIMG0793_e2p5l4fs.bzn.jpg,0,0,0,1,3
RIMG0793_fldyuqnl.i44.jpg,0,0,0,1,3
RIMG0793_qzfbkogw.nwh.jpg,0,0,1,0,3
RIMG0793_vuvjba1x.win.jpg,0,0,1,0,3
RIMG0793_zbsf4mww.zur.jpg,0,0,0,1,3
RIMG0808_ejtcw41h.fed.jpg,0,0,0,1,3
RIMG0809_nstlgcp5.bxv.jpg,0,0,0,1,3
RIMG0890_z3ye5u5s.yjn.jpg,0,1,0,0,3
RIMG0891_3fmyh2zj.mqs.jpg,1,0,0,0,3
RIMG0916_25tbkjbv.coz.jpg,0,0,0,1,3
RIMG0924_eo5shdgx.3sd.jpg,0,0,0,1,3
RIMG0924_m1swmudu.urw.jpg,0,0,0,1,3
RIMG0926_ihwj0m2f.oby.jpg,0,0,0,1,3
RIMG0933_kscgaqwc.pg1.jpg,0,0,0,1,3
RIMG1453_lvycx5u4.fev.jpg,0,0,0,1,3
RIMG1457_qutg0zg3.1cn.jpg,0,0,0,1,3
RIMG1462_31dwn2w1.a1v.jpg,1,0,0,0,3
RIMG1462_4rveu53d.hk2.jpg,0,0,0,1,3
RIMG1463_rwqtbowm.lpk.jpg,1,0,0,0,3
RIMG1464_zez425wd.mqm.jpg,0,0,0,1,3
RIMG1465_3xcpo1a2.1ek.jpg,1,0,0,0,3
RIMG1465_4pbizjc1.a4a.jpg,0,0,0,1,3
RIMG1471_gss2nosr.o4a.jpg,1,0,0,0,3
RIMG1477_cip3ixhd.zvx.jpg,0,0,0,1,3
RIMG1477_d0qx4sdw.sk4.jpg,0,0,0,1,3
RIMG1478_5eecccsl.w2e.jpg,0,0,0,1,3
RIMG1478_afqccaci.5xb.jpg,0,0,0,1,3
RIMG1478_eb4giuos.hzb.jpg,0,0,0,1,3
RIMG1488_gm5uh22s.dsf.jpg,0,0,0,1,3
RIMG1524_sncqqvpc.ifj.jpg,0,0,0,1,3
RIMG1540_zbaw1dvf.22y.jpg,0,0,0,1,3
RIMG1541_5r000rtj.0j3.jpg,0,0,0,1,3
RIMG1543_b55pugoi.ixi.jpg,0,0,0,1,3
RIMG1547_ucjo52zl.rso.jpg,0,0,0,1,3
RIMG1549_frvwir1j.41k.jpg,0,0,0,1,3
RIMG1550_amlskmc5.dzl.jpg,0,0,0,1,3
RIMG1592_nktuywe1.1c2.jpg,0,0,0,1,3
RIMG1592_uvdl54rf.kah.jpg,0,0,0,1,3
RIMG1651_l3ilnakj.z3f.jpg,0,0,0,1,3
RIMG1651_mnxnbfqt.bk3.jpg,0,0,1,0,3
RIMG1662_mtlg1frm.0ur.jpg,0,1,0,0,3
RIMG1691_lo24v5ka.ufj.jpg,0,0,0,1,3
RIMG1691_zpgpdvn0.ayq.jpg,0,0,0,1,3
RIMG1692_nzbjxcj5.omx.jpg,0,0,0,1,3
RIMG1692_umm1i5zd.ohj.jpg,0,0,0,1,3
RIMG1954_mcgldyzr.5q4.jpg,0,1,0,0,3
RIMG1955_wt3kwcwe.1wl.jpg,0,0,0,1,3
RIMG1987_4m04n0uk.ca1.jpg,0,0,0,1,3
RIMG1988_3pwnwss3.h4k.jpg,0,0,0,1,3
RIMG2009_je3pjis4.byw.jpg,1,0,0,0,3
RIMG2009_uietlbk5.0sf.jpg,0,0,0,1,3
RIMG2016_1tudje3a.eko.jpg,0,0,0,1,3
RIMG2016_vlvfgua2.4uu.jpg,0,0,0,1,3
RIMG2021_licx4dp4.u1z.jpg,0,0,0,1,3
RIMG2022_5lzmvl5e.pd5.jpg,0,0,0,1,3
RIMG2023_z03i10bt.f0r.jpg,0,0,0,1,3
RIMG2024_j1nujyvj.an5.jpg,0,0,0,1,3
RIMG2030_1hwpikvd.4h1.jpg,0,0,0,1,3
RIMG2030_2eargrel.1i3.jpg,1,0,0,0,3
RIMG2030_y1raxity.zzi.jpg,0,0,0,1,3
RIMG2032_ueiqkqtr.ju4.jpg,0,0,0,1,3
RIMG2033_znuua02f.iw3.jpg,0,0,0,1,3
RIMG2037_nhjzgfr3.ur5.jpg,0,0,0,1,3
RIMG2041_hpt5evfy.4gx.jpg,0,0,0,1,3
RIMG2043_imrzdmt2.jst.jpg,0,0,0,1,3
RIMG2046_zsdkdnvo.rl5.jpg,0,0,0,1,3
RIMG2051_owpjc31r.wht.jpg,0,0,0,1,3
RIMG2051_vta2bvkm.jgl.jpg,0,0,0,1,3
RIMG2054_bkmi03vf.vxo.jpg,0,1,0,0,3
RIMG2127_gmckvsjc.wy2.jpg,0,0,0,1,3
RIMG2127_ivepxhso.ogp.jpg,0,0,0,1,3
RIMG2130_jkepr4j5.yxd.jpg,0,0,0,1,3
RIMG2133_xknnr1x4.tld.jpg,0,0,0,1,3
RIMG2135_tieges4j.skv.jpg,0,0,0,1,3
RIMG2135_tpnnnbv4.qop.jpg,0,0,0,1,3
RIMG2135_zbeszpuo.gic.jpg,0,0,0,1,3
RIMG2137_1aawmw3x.zmu.jpg,0,0,0,1,3
RIMG2140_25ie5lxz.ucy.jpg,0,0,0,1,3
RIMG2140_r0m1q2i1.pzf.jpg,0,0,0,1,3
RIMG2145_3a2gz5sn.ecn.jpg,0,0,0,1,3
RIMG2145_rdq5gp5q.v5e.jpg,0,0,0,1,3
RIMG2146_eeswsj4f.xjt.jpg,0,0,0,1,3
RIMG2146_xew1u2vw.dhg.jpg,0,0,0,1,3
RIMG2148_lesro5di.rhb.jpg,0,0,0,1,3
RIMG2148_qzobbbez.jvu.jpg,0,0,0,1,3
RIMG2149_cgozmaa2.nln.jpg,0,0,0,1,3
RIMG2150_41zzwoxp.hrh.jpg,0,0,0,1,3
RIMG2150_ok3sbbed.tph.jpg,0,0,0,1,3
RIMG2151_avwvyq4w.3bi.jpg,0,0,0,1,3
RIMG2151_qobpw1at.j5k.jpg,0,0,0,1,3
RIMG2152_2e1azzws.dhn.jpg,0,0,0,1,3
RIMG2153_gaxfpyne.mfq.jpg,0,0,0,1,3
RIMG2153_k33jh4at.th4.jpg,0,0,0,1,3
RIMG2154_2c2o2qqm.1gq.jpg,0,0,0,1,3
RIMG2155_u2x4y5os.tvf.jpg,1,0,0,0,3
RIMG2156_prl41aps.teb.jpg,0,0,0,1,3
RIMG2156_vmolueuq.nej.jpg,0,0,0,1,3
RIMG2157_krjqjaat.44e.jpg,1,0,0,0,3
RIMG2157_l4udzeds.rvw.jpg,0,0,0,1,3
RIMG2166_xduh52nc.kh3.jpg,1,0,0,0,3
RIMG2167_febdodcm.pto.jpg,0,0,0,1,3
RIMG2169_3kdem0wd.ekz.jpg,0,0,0,1,3
RIMG2169_mfv1vscl.i11.jpg,0,1,0,0,3
